Tag,Frequency
powershell,3
c# winforms datagridview,3
perl,3
c# unity3d,3
java swing,3
cakephp cakephp-3.0,3
c# asp.net,3
linux,3
node.js,3
makefile,3
excel-vba,3
php html mysql,3
java selenium selenium-webdriver,3
android android-layout,3
php html,3
haskell,3
c++ c++11,3
ruby,3
docker,3
python python-2.7,3
drupal,3
php arrays,3
postgresql,3
javascript php jquery ajax,3
ruby-on-rails,3
javascript node.js,3
sql sql-server sql-server-2008,3
c# sql-server,3
google-apps-script,3
tensorflow,3
batch-file,3
r dataframe,3
php mysql mysqli,3
intellij-idea,3
java arrays arraylist,3
javascript json,3
html css css3,4
html css twitter-bootstrap,4
typescript angular2,4
vba excel-vba,4
java spring spring-boot,4
regex,4
python pandas,4
scala,4
javascript reactjs,4
css,4
elasticsearch,4
r ggplot2,4
matlab,4
swift swift2,4
mongodb,4
python-3.x,4
cakephp,4
objective-c,4
php regex,4
c,5
vb.net,5
reactjs,5
java android,5
c# linq,5
sql sql-server,5
go,5
php wordpress,5
javascript arrays,5
python django,5
javascript html css,5
angular2,5
c# winforms,5
wordpress,6
javascript html,6
asp.net,6
mysql sql,6
sql-server,6
ruby-on-rails ruby,6
angularjs,6
android android-studio,6
,7
sql,7
javascript jquery html css,7
ios swift,7
swift,7
jquery,8
javascript jquery html,8
c#,9
mysql,10
r,10
php mysql,11
excel vba excel-vba,13
html css,13
javascript angularjs,14
javascript,15
python,18
c++,18
java,20
javascript jquery,21
php,26
android,33
